{"algo-name": "MergeSort", "array-size": [100], "avg-comparisons": [1573.9999999999902], "avg-single-sort-time-ns": [416035.8000000001], "avg-double-sort-time-ns": [761489.0000000001], "raw-samples": [{"comparisons": [1574, 1574, 1574, 1574, 1574, 1574, 1574, 1574, 1574, 1574, 1574, 1574, 1574, 1574, 1574, 1574, 1574, 1574, 1574, 1574, 1574, 1574, 1574, 1574, 1574, 1574, 1574, 1574, 1574, 1574, 1574, 1574, 1574, 1574, 1574, 1574, 1574, 1574, 1574, 1574, 1574, 1574, 1574, 1574, 1574, 1574, 1574, 1574, 1574, 1574, 1574, 1574, 1574, 1574, 1574, 1574, 1574, 1574, 1574, 1574, 1574, 1574, 1574, 1574, 1574, 1574, 1574, 1574, 1574, 1574, 1574, 1574, 1574, 1574, 1574, 1574, 1574, 1574, 1574, 1574, 1574, 1574, 1574, 1574, 1574, 1574, 1574, 1574, 1574, 1574, 1574, 1574, 1574, 1574, 1574, 1574, 1574, 1574, 1574, 1574, 1574, 1574, 1574, 1574, 1574, 1574, 1574, 1574, 1574, 1574, 1574, 1574, 1574, 1574, 1574, 1574, 1574, 1574, 1574, 1574, 1574, 1574, 1574, 1574, 1574, 1574, 1574, 1574, 1574, 1574, 1574, 1574, 1574, 1574, 1574, 1574, 1574, 1574, 1574, 1574, 1574, 1574, 1574, 1574, 1574, 1574, 1574, 1574, 1574, 1574, 1574, 1574, 1574, 1574, 1574, 1574, 1574, 1574, 1574, 1574, 1574, 1574, 1574, 1574, 1574, 1574, 1574, 1574, 1574, 1574, 1574, 1574, 1574, 1574, 1574, 1574, 1574, 1574, 1574, 1574, 1574, 1574, 1574, 1574, 1574, 1574, 1574, 1574, 1574, 1574, 1574, 1574, 1574, 1574, 1574, 1574, 1574, 1574, 1574, 1574, 1574, 1574, 1574, 1574, 1574, 1574, 1574, 1574, 1574, 1574, 1574, 1574, 1574, 1574, 1574, 1574, 1574, 1574, 1574, 1574, 1574, 1574, 1574, 1574, 1574, 1574, 1574, 1574, 1574, 1574, 1574, 1574, 1574, 1574, 1574, 1574, 1574, 1574, 1574, 1574, 1574, 1574, 1574, 1574, 1574, 1574, 1574, 1574, 1574, 1574, 1574, 1574, 1574, 1574, 1574, 1574, 1574, 1574, 1574, 1574, 1574, 1574, 1574, 1574, 1574, 1574, 1574, 1574, 1574, 1574, 1574, 1574, 1574, 1574, 1574, 1574, 1574, 1574, 1574, 1574, 1574, 1574, 1574, 1574, 1574, 1574, 1574, 1574, 1574, 1574, 1574, 1574, 1574, 1574, 1574, 1574, 1574, 1574, 1574, 1574, 1574, 1574, 1574, 1574, 1574, 1574, 1574, 1574, 1574, 1574, 1574, 1574, 1574, 1574, 1574, 1574, 1574, 1574, 1574, 1574, 1574, 1574, 1574, 1574, 1574, 1574, 1574, 1574, 1574, 1574, 1574, 1574, 1574, 1574, 1574, 1574, 1574, 1574, 1574, 1574, 1574, 1574, 1574, 1574, 1574, 1574, 1574, 1574, 1574, 1574, 1574, 1574, 1574, 1574, 1574, 1574, 1574, 1574, 1574, 1574, 1574, 1574, 1574, 1574, 1574, 1574, 1574, 1574, 1574, 1574, 1574, 1574, 1574, 1574, 1574, 1574, 1574, 1574, 1574, 1574, 1574, 1574, 1574, 1574, 1574, 1574, 1574, 1574, 1574, 1574, 1574, 1574, 1574, 1574, 1574, 1574, 1574, 1574, 1574, 1574, 1574, 1574, 1574, 1574, 1574, 1574, 1574, 1574, 1574, 1574, 1574, 1574, 1574, 1574, 1574, 1574, 1574, 1574, 1574, 1574, 1574, 1574, 1574, 1574, 1574, 1574, 1574, 1574, 1574, 1574, 1574, 1574, 1574, 1574, 1574, 1574, 1574, 1574, 1574, 1574, 1574, 1574, 1574, 1574, 1574, 1574, 1574, 1574, 1574, 1574, 1574, 1574, 1574, 1574, 1574, 1574, 1574, 1574, 1574, 1574, 1574, 1574, 1574, 1574, 1574, 1574, 1574, 1574, 1574, 1574, 1574, 1574, 1574, 1574, 1574, 1574, 1574, 1574, 1574, 1574, 1574, 1574, 1574, 1574, 1574, 1574, 1574, 1574, 1574, 1574, 1574, 1574, 1574, 1574, 1574, 1574, 1574, 1574, 1574, 1574], "single-sort-time-ns": [410800, 426100, 399100, 399700, 401000, 400200, 416000, 405500, 403700, 385300, 371500, 406300, 398900, 398400, 406700, 398600, 399400, 400300, 376100, 447800, 417300, 387800, 403100, 397700, 400800, 399100, 453900, 401900, 401000, 396100, 400400, 399600, 446200, 420600, 378500, 397700, 402600, 399900, 398100, 625600, 403500, 405600, 404600, 402900, 384000, 409700, 366100, 401500, 405400, 395800, 417300, 398200, 396700, 398500, 399500, 395700, 397100, 405900, 509700, 402400, 407800, 393400, 399200, 401700, 401600, 402000, 398800, 396900, 398600, 397300, 408500, 447700, 400300, 410000, 399600, 474500, 399300, 397000, 397200, 394600, 399100, 412000, 396800, 401500, 463800, 396000, 403700, 399600, 397300, 397400, 402400, 402700, 441100, 396700, 399800, 400800, 373100, 469100, 381000, 403000, 405000, 396700, 396700, 399900, 410200, 395000, 399600, 399300, 404800, 480100, 415300, 449000, 406800, 397700, 400600, 402300, 402200, 403500, 400500, 403900, 451300, 404400, 500600, 410700, 393300, 400000, 401400, 398500, 396800, 398400, 397800, 398300, 400200, 400100, 393000, 481600, 391900, 427500, 399400, 398200, 397100, 398000, 399400, 396100, 398300, 399000, 400400, 420700, 412500, 413600, 403900, 399700, 399100, 398600, 408500, 397200, 396700, 401300, 397900, 401000, 434300, 417500, 389200, 397600, 401400, 407300, 406100, 395800, 398600, 397000, 405100, 403800, 444700, 435600, 405600, 414400, 448500, 397900, 413600, 400700, 396700, 398100, 398400, 399800, 399500, 405100, 446700, 415700, 410100, 399900, 397700, 398300, 398600, 401500, 629500, 399300, 424400, 399000, 406600, 473400, 408800, 407000, 399300, 403100, 399800, 395700, 401600, 403500, 401600, 408400, 467500, 415900, 418900, 399100, 400600, 397100, 398000, 399300, 403500, 401400, 402800, 397900, 406500, 404600, 437400, 392600, 402300, 356800, 396600, 404100, 397700, 401800, 397100, 397600, 400200, 398100, 403200, 424700, 408700, 403500, 387700, 409200, 399300, 406800, 403700, 400600, 401200, 406700, 399500, 638700, 854000, 934000, 558900, 400400, 404100, 400100, 397600, 399800, 369000, 393900, 401500, 395800, 397900, 404600, 363700, 401100, 400200, 407000, 400200, 400500, 398800, 389700, 402800, 401200, 398800, 397100, 394900, 371300, 387000, 395900, 385000, 401100, 398700, 399700, 374400, 705300, 406100, 387300, 407400, 408600, 1158200, 372100, 404500, 401000, 406600, 402000, 557700, 634100, 418200, 399500, 411500, 383200, 371700, 371300, 402000, 410300, 410500, 420100, 403900, 423100, 403800, 398000, 402600, 401200, 396700, 396700, 397700, 401700, 400600, 397800, 397500, 386300, 647500, 397500, 399600, 399900, 400900, 397500, 400700, 400100, 379200, 403900, 408400, 551300, 556500, 401400, 404500, 399600, 401000, 399300, 399700, 396700, 401900, 398900, 398000, 402500, 872900, 381400, 358300, 398800, 399500, 404900, 413900, 398500, 409400, 402400, 396600, 398000, 406400, 406000, 368100, 399600, 405000, 363400, 398200, 397500, 399900, 397700, 397300, 397300, 365800, 435700, 627100, 404600, 399600, 400800, 399600, 397300, 402700, 398400, 402300, 377700, 397100, 410500, 401800, 398700, 405600, 400400, 387400, 397300, 404900, 396700, 396700, 381200, 403600, 397500, 404900, 406600, 445000, 414100, 414100, 399900, 401200, 401900, 388200, 394500, 399300, 399200, 396000, 398300, 401400, 397300, 792500, 405400, 403800, 446500, 424600, 399500, 398200, 399000, 402200, 397800, 409600, 395000, 399500, 411600, 402100, 398600, 398100, 400900, 400100, 402000, 401100, 415600, 425300, 407300, 494300, 441600, 754300, 401300, 404100, 404000, 359500, 414400, 404300, 417100, 399500, 405200, 376800, 412400, 405800, 401900, 404600, 404400, 651400, 441300, 852900, 394900, 401500, 401400, 398500, 431300, 427000, 457000, 499700, 401500, 420200, 399100, 391100, 359800, 399600, 381500, 395700, 396200, 444900, 364700, 422400, 401200, 401900, 648200, 404200, 402400, 384300, 398000, 364500, 401800, 399800, 398100, 381400, 421700, 398100, 409500, 407700, 401200, 397300, 395900, 400600, 386600, 403300, 402400],