{"algo-name": "QuickSort", "array-size": [100], "avg-comparisons": [340.00000000000273], "avg-single-sort-time-ns": [253959.40000000002], "avg-double-sort-time-ns": [1765306.0000000002], "raw-samples": [{"comparisons": [340, 340, 340, 340, 340, 340, 340, 340, 340, 340, 340, 340, 340, 340, 340, 340, 340, 340, 340, 340, 340, 340, 340, 340, 340, 340, 340, 340, 340, 340, 340, 340, 340, 340, 340, 340, 340, 340, 340, 340, 340, 340, 340, 340, 340, 340, 340, 340, 340, 340, 340, 340, 340, 340, 340, 340, 340, 340, 340, 340, 340, 340, 340, 340, 340, 340, 340, 340, 340, 340, 340, 340, 340, 340, 340, 340, 340, 340, 340, 340, 340, 340, 340, 340, 340, 340, 340, 340, 340, 340, 340, 340, 340, 340, 340, 340, 340, 340, 340, 340, 340, 340, 340, 340, 340, 340, 340, 340, 340, 340, 340, 340, 340, 340, 340, 340, 340, 340, 340, 340, 340, 340, 340, 340, 340, 340, 340, 340, 340, 340, 340, 340, 340, 340, 340, 340, 340, 340, 340, 340, 340, 340, 340, 340, 340, 340, 340, 340, 340, 340, 340, 340, 340, 340, 340, 340, 340, 340, 340, 340, 340, 340, 340, 340, 340, 340, 340, 340, 340, 340, 340, 340, 340, 340, 340, 340, 340, 340, 340, 340, 340, 340, 340, 340, 340, 340, 340, 340, 340, 340, 340, 340, 340, 340, 340, 340, 340, 340, 340, 340, 340, 340, 340, 340, 340, 340, 340, 340, 340, 340, 340, 340, 340, 340, 340, 340, 340, 340, 340, 340, 340, 340, 340, 340, 340, 340, 340, 340, 340, 340, 340, 340, 340, 340, 340, 340, 340, 340, 340, 340, 340, 340, 340, 340, 340, 340, 340, 340, 340, 340, 340, 340, 340, 340, 340, 340, 340, 340, 340, 340, 340, 340, 340, 340, 340, 340, 340, 340, 340, 340, 340, 340, 340, 340, 340, 340, 340, 340, 340, 340, 340, 340, 340, 340, 340, 340, 340, 340, 340, 340, 340, 340, 340, 340, 340, 340, 340, 340, 340, 340, 340, 340, 340, 340, 340, 340, 340, 340, 340, 340, 340, 340, 340, 340, 340, 340, 340, 340, 340, 340, 340, 340, 340, 340, 340, 340, 340, 340, 340, 340, 340, 340, 340, 340, 340, 340, 340, 340, 340, 340, 340, 340, 340, 340, 340, 340, 340, 340, 340, 340, 340, 340, 340, 340, 340, 340, 340, 340, 340, 340, 340, 340, 340, 340, 340, 340, 340, 340, 340, 340, 340, 340, 340, 340, 340, 340, 340, 340, 340, 340, 340, 340, 340, 340, 340, 340, 340, 340, 340, 340, 340, 340, 340, 340, 340, 340, 340, 340, 340, 340, 340, 340, 340, 340, 340, 340, 340, 340, 340, 340, 340, 340, 340, 340, 340, 340, 340, 340, 340, 340, 340, 340, 340, 340, 340, 340, 340, 340, 340, 340, 340, 340, 340, 340, 340, 340, 340, 340, 340, 340, 340, 340, 340, 340, 340, 340, 340, 340, 340, 340, 340, 340, 340, 340, 340, 340, 340, 340, 340, 340, 340, 340, 340, 340, 340, 340, 340, 340, 340, 340, 340, 340, 340, 340, 340, 340, 340, 340, 340, 340, 340, 340, 340, 340, 340, 340, 340, 340, 340, 340, 340, 340, 340, 340, 340, 340, 340, 340, 340, 340], "single-sort-time-ns": [332600, 198000, 192500, 196900, 200100, 195600, 220900, 197300, 199100, 201000, 181100, 199200, 194100, 192300, 195700, 193700, 197300, 193900, 194700, 188900, 187700, 203500, 244700, 206800, 192500, 188800, 189100, 189400, 189100, 188000, 196500, 197400, 199400, 194800, 193200, 195000, 192400, 192300, 388700, 25464500, 221700, 221400, 198600, 246300, 194600, 194400, 195200, 194900, 196900, 197200, 211100, 199600, 200900, 392800, 322400, 328400, 204100, 195300, 190500, 190300, 196100, 205300, 191700, 382100, 198100, 191800, 188800, 192000, 191700, 193000, 190200, 224600, 201200, 191700, 183100, 188000, 186900, 196300, 191400, 190400, 218800, 194400, 192700, 191300, 189700, 189900, 189500, 192700, 215800, 194600, 188900, 191700, 199400, 195800, 193500, 399400, 200600, 192300, 188900, 189300, 196500, 192400, 201900, 196000, 209200, 194200, 189200, 188200, 189700, 191200, 189200, 191100, 205600, 186100, 189600, 188300, 193900, 197800, 192700, 194200, 182200, 193600, 193500, 190700, 193900, 174500, 188700, 187100, 189100, 210700, 191100, 190800, 193800, 193000, 195000, 198700, 193500, 199200, 198300, 196000, 192700, 198800, 190300, 194900, 190500, 198400, 208300, 192400, 189900, 189900, 190000, 190300, 188200, 172800, 201800, 198900, 195600, 190100, 191400, 189300, 189500, 358300, 248000, 193500, 195000, 189300, 193100, 194800, 193100, 323800, 196900, 196800, 192900, 194400, 197300, 196500, 196100, 259400, 198500, 190000, 189500, 189100, 189000, 191400, 191500, 361700, 201200, 202300, 198800, 194700, 193900, 194200, 296500, 414400, 199200, 198100, 197100, 196700, 200800, 237500, 286900, 210800, 196600, 196900, 196000, 197400, 254000, 442800, 197900, 277700, 396900, 192500, 197500, 242900, 309200, 192800, 191500, 189100, 187700, 187000, 203600, 189200, 199500, 196300, 195900, 194100, 191000, 190600, 333400, 190500, 247300, 200700, 197600, 193400, 191500, 191400, 192000, 192900, 196900, 180400, 192100, 188600, 193200, 202000, 202100, 192000, 190300, 200500, 195000, 195600, 190700, 190500, 204300, 203300, 190000, 196900, 193900, 192200, 177100, 213000, 195600, 192300, 192600, 203000, 196200, 193800, 229600, 185900, 198300, 192000, 190400, 189900, 195200, 194100, 192100, 195900, 196800, 190400, 188200, 344500, 198100, 210600, 192100, 191500, 194000, 190600, 192100, 199000, 204700, 263100, 193400, 190800, 192200, 191700, 191400, 267800, 228900, 199800, 445400, 192600, 178700, 201600, 244900, 203000, 198100, 193300, 190300, 190100, 188700, 192400, 381900, 209200, 192000, 173500, 193100, 189900, 194200, 394100, 200000, 183900, 189700, 193200, 192500, 190800, 197800, 252100, 216000, 196500, 191500, 190700, 189500, 193400, 286500, 217300, 196700, 193400, 196000, 190900, 277100, 209400, 197900, 197900, 192000, 195400, 192300, 192900, 206000, 197500, 194900, 194100, 189500, 188600, 189100, 199300, 374100, 201100, 193300, 188000, 190000, 188600, 188200, 193600, 193400, 207200, 195800, 189800, 189600, 189100, 192000, 194800, 191100, 180800, 191600, 190000, 187600, 191100, 188700, 190700, 189500, 195000, 195800, 190500, 189200, 191400, 193300, 191300, 190400, 191100, 198500, 191800, 192700, 187900, 190700, 190400, 188400, 190000, 180700, 193000, 187000, 187600, 190200, 192300, 190300, 188700, 192400, 176300, 190500, 191900, 193600, 191000, 191100, 189400, 189200, 198200, 190400, 188600, 197300, 192900, 191700, 189900, 189000, 195100, 194700, 192400, 192000, 189300, 188700, 191600, 189000, 191700, 178800, 189800, 189700, 191000, 192300, 189100, 187900, 188600, 194300, 228000, 190200, 189300, 190300, 190500, 191000, 187400, 252600, 202600, 191000, 191000, 189600, 189400, 190900, 190900, 191800, 194800, 190300, 189700, 189800, 190100, 188000, 188500, 190400, 196100, 189100, 189700, 189900, 189000, 188700, 187800, 191900, 199300, 189200, 189000, 188900, 189700, 183900, 189000, 190700, 193100, 191300, 190000, 188800, 188000, 189200, 186500, 222100, 195200, 195900, 188300, 188700, 177600, 187900, 188100, 287300, 188400, 194700, 190300, 190700, 188200],