{"algo-name": "RandomizedQuickSort", "array-size": [100], "avg-comparisons": [385.13199999999983], "avg-single-sort-time-ns": [322314.80000000005], "avg-double-sort-time-ns": [601410.0000000005], "raw-samples": [{"comparisons": [351, 414, 415, 393, 310, 365, 357, 320, 375, 349, 378, 400, 335, 374, 361, 382, 383, 341, 421, 404, 312, 402, 311, 414, 324, 388, 324, 339, 420, 389, 391, 437, 440, 332, 367, 405, 430, 342, 329, 381, 352, 344, 417, 308, 340, 288, 330, 492, 331, 380, 362, 425, 379, 336, 324, 375, 484, 314, 434, 364, 444, 408, 395, 401, 328, 369, 403, 373, 453, 415, 366, 334, 452, 410, 428, 333, 385, 484, 400, 400, 482, 403, 392, 366, 389, 386, 360, 347, 415, 327, 360, 401, 381, 357, 391, 316, 377, 387, 314, 346, 540, 394, 466, 400, 320, 597, 427, 329, 337, 346, 576, 344, 277, 347, 418, 397, 451, 441, 468, 341, 401, 377, 456, 413, 425, 355, 429, 307, 332, 330, 311, 422, 396, 385, 408, 383, 367, 321, 399, 356, 336, 348, 350, 460, 445, 541, 319, 438, 474, 558, 352, 403, 303, 444, 529, 319, 339, 402, 319, 313, 385, 352, 426, 296, 409, 365, 305, 380, 343, 359, 361, 306, 506, 439, 317, 413, 415, 322, 335, 359, 385, 350, 371, 364, 381, 407, 365, 337, 433, 309, 376, 364, 471, 348, 385, 287, 317, 346, 303, 360, 456, 326, 413, 391, 386, 392, 298, 334, 427, 462, 388, 471, 362, 365, 368, 474, 371, 440, 477, 373, 396, 459, 325, 423, 404, 417, 380, 408, 407, 411, 340, 347, 479, 403, 362, 409, 390, 311, 299, 443, 391, 416, 403, 572, 329, 358, 408, 455, 481, 396, 404, 385, 466, 426, 419, 456, 350, 365, 343, 325, 368, 363, 375, 354, 331, 388, 375, 332, 338, 470, 393, 353, 306, 354, 467, 421, 345, 356, 362, 369, 341, 349, 384, 420, 393, 460, 401, 439, 421, 403, 359, 396, 363, 381, 389, 411, 377, 393, 335, 352, 301, 519, 407, 504, 390, 410, 404, 386, 380, 288, 332, 356, 405, 355, 318, 296, 312, 649, 381, 500, 372, 383, 365, 351, 350, 437, 324, 503, 342, 303, 311, 350, 374, 359, 485, 351, 351, 372, 295, 343, 452, 358, 404, 427, 400, 382, 353, 416, 405, 364, 565, 316, 327, 298, 367, 558, 321, 342, 362, 418, 320, 523, 340, 388, 375, 377, 475, 419, 372, 347, 399, 467, 399, 401, 356, 482, 373, 290, 290, 335, 502, 370, 394, 284, 383, 292, 450, 460, 479, 395, 391, 351, 317, 446, 315, 276, 405, 363, 402, 326, 353, 390, 420, 363, 453, 356, 564, 314, 447, 502, 360, 396, 328, 366, 362, 443, 364, 355, 387, 407, 422, 344, 355, 388, 367, 375, 367, 519, 319, 374, 349, 346, 309, 275, 483, 393, 367, 360, 416, 400, 455, 362, 379, 358, 553, 373, 367, 421, 424, 394, 402, 408, 390, 373, 363, 285, 371, 378, 383, 378, 406, 495, 324, 470, 396, 423, 347, 500, 405, 389, 436, 446, 397, 367, 345, 367, 341, 423, 373, 346, 307, 417, 420, 496, 371, 392, 526, 327, 332, 337, 449, 359, 315, 437, 308, 316, 371, 341, 439, 340], "single-sort-time-ns": [264300, 301300, 302300, 297500, 280600, 291800, 306400, 288200, 290200, 310700, 296300, 295300, 295700, 270700, 307700, 297300, 286400, 286400, 309000, 302300, 280600, 298300, 291100, 363600, 279100, 309100, 289800, 291700, 306000, 263400, 314200, 311000, 306600, 289200, 288800, 279500, 316400, 311700, 290100, 321400, 299800, 278200, 307900, 280100, 290100, 274100, 292800, 317300, 260500, 327100, 473900, 325900, 287600, 323600, 284600, 301100, 320700, 276000, 314300, 287400, 315100, 303900, 300100, 305800, 303800, 436200, 264800, 302200, 325200, 308000, 345800, 275000, 343200, 321300, 325300, 282000, 309800, 319900, 312500, 306700, 328600, 326600, 304900, 296600, 294400, 308200, 309600, 305700, 307400, 442700, 287500, 300100, 297100, 292800, 305500, 289300, 311000, 349200, 315400, 295800, 395100, 321000, 312900, 332300, 308600, 353600, 309400, 331200, 279700, 288900, 345100, 293600, 270000, 314800, 387800, 324800, 326300, 313500, 328700, 281200, 314100, 288800, 316000, 308500, 302800, 292000, 303000, 296300, 285600, 321400, 344500, 327300, 314700, 293300, 305800, 302600, 284200, 276000, 292200, 300600, 289100, 290800, 287600, 326700, 322500, 348800, 425700, 323400, 366900, 392100, 284400, 307000, 281400, 306200, 333000, 274100, 291000, 300900, 289200, 280900, 301600, 298200, 307500, 356300, 306100, 348400, 295200, 301000, 292900, 291400, 279100, 275200, 323400, 300500, 286800, 301200, 308800, 290400, 393000, 319000, 345000, 298300, 292700, 299800, 309600, 292400, 292400, 278700, 308500, 268500, 314200, 298600, 337300, 325100, 854600, 874000, 972200, 375800, 310200, 732000, 464200, 936900, 449800, 488200, 412800, 460200, 778500, 372600, 630900, 1134700, 537700, 396600, 328800, 309400, 265500, 348700, 295500, 293500, 311600, 298800, 324000, 399500, 307100, 328900, 341100, 317800, 309500, 306800, 305600, 271500, 282500, 288500, 315600, 300200, 265900, 527800, 350900, 339100, 340500, 323600, 429300, 532000, 312000, 328700, 280900, 284800, 301600, 292700, 323000, 310800, 308300, 328100, 346500, 341600, 286600, 329600, 287100, 307100, 291800, 281900, 291400, 282800, 305800, 330000, 286000, 298100, 422600, 315400, 327500, 323500, 312500, 295000, 284100, 283300, 316700, 303100, 300600, 290100, 273600, 308900, 278200, 290100, 294200, 387200, 381200, 331700, 312300, 310100, 312400, 292900, 294100, 305100, 294400, 320100, 305500, 291100, 286900, 295300, 273800, 288900, 305900, 305900, 300700, 290100, 301000, 311500, 307900, 294700, 297200, 277000, 291200, 289300, 299500, 294800, 271900, 267100, 291200, 550100, 317400, 399700, 286000, 295100, 296600, 292500, 281600, 306400, 278100, 341400, 283300, 279500, 287300, 281700, 310000, 343400, 350200, 303100, 291200, 292600, 282500, 285100, 316800, 289400, 317100, 313200, 309500, 303400, 298200, 300700, 311400, 320400, 437900, 301000, 276200, 278100, 304600, 347700, 277800, 284300, 294800, 299400, 275300, 333400, 282100, 283500, 301900, 295100, 361100, 320600, 326400, 294600, 304200, 383800, 308800, 304000, 283300, 317300, 284900, 280100, 271100, 284000, 320900, 321200, 305700, 350400, 307400, 284200, 275500, 317300, 330200, 300100, 290500, 298400, 289600, 321500, 278500, 265800, 289200, 300700, 299900, 360900, 297500, 368800, 313100, 289100, 309000, 371500, 338400, 289500, 306600, 326500, 286300, 298800, 290100, 290300, 293600, 337100, 318100, 266800, 302500, 294400, 308400, 285600, 303600, 302400, 303700, 284200, 301500, 330500, 285600, 286700, 279700, 309100, 354900, 299200, 345100, 301200, 283600, 287900, 314900, 301300, 315400, 289900, 290800, 298500, 419800, 310700, 836300, 313300, 313000, 282800, 307100, 305500, 300900, 307800, 290600, 252100, 295500, 297700, 288800, 297300, 332200, 638500, 379700, 335500, 314400, 312500, 289600, 336700, 295100, 307700, 308800, 320600, 309800, 313800, 355900, 289000, 288400, 332100, 444400, 276300, 282300, 306500, 312100, 305200, 292900, 297900, 325200, 273900, 289800, 322900, 316800, 298500, 268100, 313200, 303000, 346900, 326700, 299600, 318000, 281000],